insert into cliente values('77645661e', '2008-04-25', 'Miren','diario vasto','Arizaga', 'Larrañaga', 'Juan','Rumano','kale1 3 2ºizq ',983561881);
insert into cliente values('71623662u', '2008-04-25', 'Miren','mas decoracion','Beneitez', 'Patxeko', 'Mirentxu','Senegales','kale1 3 2ºizq ',983811881);
insert into cliente values('72665453j', '2008-04-25', 'Marta','diario vasto','Barrena', 'Tomas', 'Ane Miren','Español','kale1 3 1ºizq ',688665566);
insert into cliente values('73666764f', '2008-04-25', 'Marta','decogarden','Zubieta', 'Aio', 'Nahiko','Frances','kale1 3 5ºizq ',983811881);
insert into cliente values('74785665v', '2008-04-25', 'Miren','diario vasto','Alonso', 'Geroarte', 'Mirari','Rumano','kale1 3 8ºizq ',688665566);
insert into cliente values('75785666b', '2008-04-25', 'Miren','diario vasto','Saldias', ':-)', 'Izaro','Ruso','kale1 1 2ºizq ',983811881);
insert into cliente values('72365667j', '2008-04-25', 'Miren','recomendacion','Esposito', ';-)', 'Arantzazu','Belga', 'kale2 3 2ºizq ',983811881);
insert into cliente values('74365668o', '2008-04-25', 'Marta','diario vasto','Ibarmia', ':(', 'Luis','Rumano','kale1 7 2ºizq ',688665566);
insert into cliente values('76576669p', '2008-04-25', 'Miren','diario vasto','Olabe', 'Gonzalez', 'Pernando','Vasco','kale2 3 2ºizq ',983811881);

insert into inmueble values(1,'kontxa','kalletal 12 1º izq',1);
insert into inmueble values(2,'nuarbe','kalea 3 3º der', 0);
insert into inmueble values(3,'urrestilla','avenida tolosa 56 2º der',0);
insert into inmueble values(4,'gros','taberna kalea 5 3º izq',0);
insert into inmueble values(5,'amara','Jandonianiz 4 2º izq',0);
insert into inmueble values(6,'estacion','aingeru kalea',0);

insert into propietario values('77665661e', 'Arrieta', 'Gomez', 'Ibon', 'nuarbe', 20320, 'Azpeitia', 983811881,688665566, '17:00-14:00', '13:44-20:00');
insert into propietario values('71665662u', 'Benitez', 'Jackson', 'Izaro', 'kalea 23', 20321, 'Azkoitia', 983811881,688665566, '17:00-14:00', '13:44-20:00');
insert into propietario values('72665663j', 'Kaka', 'Tomason', 'Ane', 'jandonianiz 34', 20322, 'Donostia', 983811881,688665566, '17:00-14:00', '13:44-20:00');
insert into propietario values('73665664f', 'Zabaleta', 'Iuju', 'Mikel', 'martitte', 20323, 'Arrasate', 983811881,688665566, '17:00-14:00', '13:44-20:00');
insert into propietario values('74665665v', 'Gartzia', 'Aupa', 'Miren', 'trino de uria 23', 20321, 'Azkoitia', 983811881,688665566, '17:00-14:00', '13:44-20:00');
insert into propietario values('75665666b', 'Arrizabalaga', 'Agirregomezkorta', 'Idoia', 'nuarbe', 20343, 'Markina', 983811881,688665566, '17:00-14:00', '13:44-20:00');
insert into propietario values('76665667j', 'Katarro', 'Arambarri', 'Sara', 'olabarria5', 34234, 'Bilbo', 983811881,688665566, '17:00-14:00', '13:44-20:00');
insert into propietario values('79665668o', 'Ibarmia', 'Larrañaga', 'Asier', 'julio urquijo 23', 23454, 'Irun', 983811881,688665566, '17:00-14:00', '13:44-20:00');
insert into propietario values('77665669p', 'Olabarria', 'Gomez', 'Kepa', 'arantzazu plaza', 20320, 'Azpeitia', 983811881,688665566, '17:00-14:00', '13:44-20:00');

insert into peritaje values (1,'2008-06-18','joxeangel','casa','exclusiva',125,'si','si','preciosos','preciosos',30,'iker casillas',1,100,'oso berue','zuriye','zapaltzeko moukue','o',0,105,'polittek','laukiyek','sofa-cama bat juergako',8,4,102.5,'earra etxie txakurrentzat');
insert into peritaje values (2,'2007-07-08','joxeangel','casa','exclusiva',125,'si','si','preciosos','preciosos',30,'iker casillas',0,100,'oso berue','zuriye','zapaltzeko moukue','o',0,105,'polittek','laukiyek','sofa-cama bat juergako',8,4,102.5,'earra etxie txakurrentzat');
insert into peritaje values (3,'2004-06-06','mielmai','casa','verde',125,'si','si','preciosos','preciosos',30,'iker casillas',1,100,'oso berue','zuriye','zapaltzeko moukue','o',0,105,'polittek','laukiyek','sofa-cama bat juergako',8,4,102.5,'earra etxie txakurrentzat');
insert into peritaje values (4,'2008-02-18','joxeangel','casa','exclusiva',125,'si','si','preciosos','preciosos',30,'iker casillas',1,100,'oso berue','zuriye','zapaltzeko moukue','o',0,105,'polittek','laukiyek','sofa-cama bat juergako',8,4,102.5,'earra etxie txakurrentzat');
insert into peritaje values (5,'2008-06-18','joxeangel','casa','verde',125,'si','si','preciosos','preciosos',30,'iker casillas',1,100,'oso berue','zuriye','zapaltzeko moukue','o',0,105,'polittek','laukiyek','sofa-cama bat juergako',8,4,102.5,'earra etxie txakurrentzat');
insert into peritaje values (6,'2003-04-30','joxeangel','casa','exclusiva',125,'si','si','preciosos','preciosos',30,'iker casillas',1,100,'oso berue','zuriye','zapaltzeko moukue','o',0,105,'polittek','laukiyek','sofa-cama bat juergako',8,4,102.5,'earra etxie txakurrentzat');
insert into peritaje values (7,'2008-06-18','joxeangel','casa','verde',125,'si','si','preciosos','preciosos',30,'iker casillas',0,100,'oso berue','zuriye','zapaltzeko moukue','o',1,105,'polittek','laukiyek','sofa-cama bat juergako',8,4,102.5,'earra etxie txakurrentzat');
insert into peritaje values (8,'2008-06-18','joxeangel','casa','exclusiva',125,'si','si','preciosos','preciosos',30,'iker casillas',1,100,'oso berue','zuriye','zapaltzeko moukue','o',1,105,'polittek','laukiyek','sofa-cama bat juergako',8,4,102.5,'earra etxie txakurrentzat');
insert into peritaje values (9,'2008-06-18','joxeangel','casa','exclusiva',125,'si','si','preciosos','preciosos',30,'iker casillas',1,100,'oso berue','zuriye','zapaltzeko moukue','o',1,105,'polittek','laukiyek','sofa-cama bat juergako',8,4,102.5,'earra etxie txakurrentzat');

INSERT INTO rel_peritaje_inmueble VALUES (1,1,0,250000,10000,16,200000,265000,260000,260000,1);
INSERT INTO rel_peritaje_inmueble VALUES (2,1,0,250000,10000,16,200000,265000,260000,260000,1);
INSERT INTO rel_peritaje_inmueble VALUES (3,1,1,250000,10000,16,200000,265000,260000,260000,1);
INSERT INTO rel_peritaje_inmueble VALUES (2,2,0,250000,10000,16,200000,265000,260000,260000,1);
INSERT INTO rel_peritaje_inmueble VALUES (1,2,0,250000,10000,16,200000,265000,260000,260000,1);
INSERT INTO rel_peritaje_inmueble VALUES (4,1,0,250000,10000,16,200000,265000,260000,260000,1);
INSERT INTO rel_peritaje_inmueble VALUES (3,2,0,250000,10000,16,200000,265000,260000,260000,1);
INSERT INTO rel_peritaje_inmueble VALUES (1,4,0,250000,10000,16,200000,265000,260000,260000,1);
INSERT INTO rel_peritaje_inmueble VALUES (2,4,0,250000,10000,16,200000,265000,260000,260000,1);

INSERT INTO rel_visita VALUES ('2008-06-03','mielmai',0,0,1,0,0,0,1,0,0,0,0,0,0,1,0,0,0,0,0,0,0,1,'71623662u');
INSERT INTO rel_visita VALUES ('2008-06-03','mielmai',0,0,1,0,0,0,1,0,0,0,0,0,0,1,0,0,0,0,0,0,0,1,'71623662u');
INSERT INTO rel_visita VALUES ('2008-05-05','mielmai',0,0,1,0,0,0,1,0,0,0,0,0,0,1,0,0,0,0,0,0,0,2,'71623662u');
INSERT INTO rel_visita VALUES ('2008-06-18','mielmai',0,0,1,0,0,0,0,0,0,1,0,0,0,1,0,0,0,0,0,0,0,2,'72665453j');
INSERT INTO rel_visita VALUES ('2008-08-03','mielmai',0,0,1,0,0,0,1,0,0,0,0,0,0,1,0,0,0,0,0,0,0,3,'72665453j');
INSERT INTO rel_visita VALUES ('2008-06-03','mielmai',0,0,1,0,0,0,1,0,0,0,0,0,0,1,0,0,0,0,0,0,0,3,'72665453j');
INSERT INTO rel_visita VALUES ('2008-09-12','mielmai',0,0,1,0,0,0,1,0,0,0,0,0,0,1,0,0,0,0,0,0,0,2,'71623662u');
INSERT INTO rel_visita VALUES ('2008-06-03','mielmai',0,0,1,0,0,0,1,0,0,0,0,0,0,1,0,0,0,0,0,0,0,4,'72365667j');
INSERT INTO rel_visita VALUES ('2008-06-03','mielmai',0,0,1,0,0,0,1,0,0,0,0,0,0,1,0,0,0,0,0,0,0,4,'71623662u');

INSERT INTO preferencia VALUES ('77645661e','casa',75,250,1,1,5,'nuarbe',1,1,360000,'mierda de ciudad',2);
INSERT INTO preferencia VALUES ('71623662u','casa',75,125,1,1,4,'urrestilla',1,2,400000,'mierda de ciudad',3);
INSERT INTO preferencia VALUES ('72665453j','casa',75,115,1,2,5,'gros',1,1,540000,'mierda de ciudad',4);
INSERT INTO preferencia VALUES ('73666764f','casa',125,250,1,3,5,'centro',1,2,600000,'mierda de ciudad',5);
INSERT INTO preferencia VALUES ('74785665v','casa',150,250,1,4,6,'centro',1,1,510000,'mierda de ciudad',2);
INSERT INTO preferencia VALUES ('75785666b','casa',75,95,0,1,3,'estacion',1,1,360000,'mierda de ciudad',4);
INSERT INTO preferencia VALUES ('72365667j','casa',75,150,1,1,2,'afueras',1,1,360000,'mierda de ciudad',3);
INSERT INTO preferencia VALUES ('74365668o','casa',75,250,0,1,2,'centro',1,1,450000,'mierda de ciudad',2);
INSERT INTO preferencia VALUES ('76576669p','casa',75,250,1,1,5,'centro',1,1,360000,'mierda de ciudad',1);