insert into cliente values('77645661F', '2008-04-25', 'Miren','diario vasto','Arizaga', 'Larrañaga', 'Juan','Rumano','kale1 3 2ºizq ',983561881);
insert into cliente values('71623662Y', '2008-04-25', 'Miren','mas decoracion','Beneitez', 'Patxeko', 'Mirentxu','Senegales','kale1 3 2ºizq ',983811881);
insert into cliente values('72665453N', '2008-04-25', 'Marta','diario vasto','Barrena', 'Tomas', 'Ane Miren','Español','kale1 3 1ºizq ',688665566);
insert into cliente values('73666764H', '2008-04-25', 'Marta','decogarden','Zubieta', 'Aio', 'Nahiko','Frances','kale1 3 5ºizq ',983811881);
insert into cliente values('74785665S', '2008-04-25', 'Miren','diario vasto','Alonso', 'Geroarte', 'Mirari','Rumano','kale1 3 8ºizq ',688665566);
insert into cliente values('75785666E', '2008-04-25', 'Miren','diario vasto','Saldias', ':-)', 'Izaro','Ruso','kale1 1 2ºizq ',983811881);
insert into cliente values('72365667P', '2008-04-25', 'Miren','recomendacion','Esposito', ';-)', 'Arantzazu','Belga', 'kale2 3 2ºizq ',983811881);
insert into cliente values('74365668K', '2008-04-25', 'Marta','diario vasto','Ibarmia', ':(', 'Luis','Rumano','kale1 7 2ºizq ',688665566);
insert into cliente values('76576669D', '2008-04-25', 'Miren','diario vasto','Olabe', 'Gonzalez', 'Pernando','Vasco','kale2 3 2ºizq ',983811881);

insert into inmueble values(1,'Kontxa','kalletal 12 1º izq',1);
insert into inmueble values(2,'Nuarbe','kalea 3 3º der', 0);
insert into inmueble values(3,'Urrestilla','avenida tolosa 56 2º der',0);
insert into inmueble values(4,'Gros','taberna kalea 5 3º izq',0);
insert into inmueble values(5,'Amara','Jandonianiz 4 2º izq',1);
insert into inmueble values(6,'Antiguo','Aingeru kalea',0);
insert into inmueble values(7,'Irun centro','C/San Manuel 5, 3ºA',0);
insert into inmueble values(8,'Irun centro','C/San marcial 18, 7ºIzq',0);
insert into inmueble values(9,'Amara', 'C/Secundino Esnaola 9, 4ºD', 0);

insert into propietario values('77665661C', 'Arrieta', 'Gomez', 'Ibon', 'nuarbe', 20320, 'Azpeitia', 983811881,688665566, '14:17', '13:20');
insert into propietario values('71665662P', 'Benitez', 'Jackson', 'Izaro', 'kalea 23', 20321, 'Azkoitia', 983811881,688665566, '14:17', '13:20');
insert into propietario values('72665663S', 'Kaka', 'Tomason', 'Ane', 'jandonianiz 34', 20322, 'Donostia', 983811881,688665566, '14:17', '13:20');
insert into propietario values('73665664E', 'Zabaleta', 'Iuju', 'Mikel', 'martitte', 20323, 'Arrasate', 983811881,688665566, '14:17', '13:20');
insert into propietario values('74665665Y', 'Gartzia', 'Aupa', 'Miren', 'trino de uria 23', 20321, 'Azkoitia', 983811881,688665566, '14:17', '13:20');
insert into propietario values('75665666J', 'Arrizabalaga', 'Agirregomezkorta', 'Idoia', 'nuarbe', 20343, 'Markina', 983811881,688665566, '14:17', '13:20');
insert into propietario values('76665667C', 'Katarro', 'Arambarri', 'Sara', 'olabarria5', 34234, 'Bilbo', 983811881,688665566, '14:17', '13:20');
insert into propietario values('79665668Q', 'Ibarmia', 'Larrañaga', 'Asier', 'julio urquijo 23', 23454, 'Irun', 983811881,688665566, '14:17', '13:20');
insert into propietario values('77665669M', 'Olabarria', 'Gomez', 'Kepa', 'arantzazu plaza', 20320, 'Azpeitia', 983811881,688665566, '14:17', '13:20');

insert into peritaje values (1,'2008-06-18','joxeangel','casa','exclusiva',125,'si','si','preciosos','preciosos',30,'iker casillas',1,100,'oso berue','zuriye','zapaltzeko moukue','o',0,105,'polittek','laukiyek','sofa-cama bat juergako',8,4,102.5,'earra etxie txakurrentzat');
insert into peritaje values (2,'2007-07-08','joxeangel','casa','exclusiva',125,'si','si','preciosos','preciosos',30,'iker casillas',0,100,'oso berue','zuriye','zapaltzeko moukue','o',0,105,'polittek','laukiyek','sofa-cama bat juergako',8,4,102.5,'earra etxie txakurrentzat');
insert into peritaje values (3,'2004-06-06','mielmai','casa','verde',125,'si','si','preciosos','preciosos',30,'iker casillas',1,100,'oso berue','zuriye','zapaltzeko moukue','o',0,105,'polittek','laukiyek','sofa-cama bat juergako',8,4,102.5,'earra etxie txakurrentzat');
insert into peritaje values (4,'2008-02-18','joxeangel','casa','exclusiva',125,'si','si','preciosos','preciosos',30,'iker casillas',1,100,'oso berue','zuriye','zapaltzeko moukue','o',0,105,'polittek','laukiyek','sofa-cama bat juergako',8,4,102.5,'earra etxie txakurrentzat');
insert into peritaje values (5,'2008-06-18','joxeangel','casa','verde',125,'si','si','preciosos','preciosos',30,'iker casillas',1,100,'oso berue','zuriye','zapaltzeko moukue','o',0,105,'polittek','laukiyek','sofa-cama bat juergako',8,4,102.5,'earra etxie txakurrentzat');
insert into peritaje values (6,'2003-04-30','joxeangel','casa','exclusiva',125,'si','si','preciosos','preciosos',30,'iker casillas',1,100,'oso berue','zuriye','zapaltzeko moukue','o',0,105,'polittek','laukiyek','sofa-cama bat juergako',8,4,102.5,'earra etxie txakurrentzat');
insert into peritaje values (7,'2008-06-18','joxeangel','casa','verde',125,'si','si','preciosos','preciosos',30,'iker casillas',0,100,'oso berue','zuriye','zapaltzeko moukue','o',1,105,'polittek','laukiyek','sofa-cama bat juergako',8,4,102.5,'earra etxie txakurrentzat');
insert into peritaje values (8,'2008-06-18','joxeangel','casa','exclusiva',125,'si','si','preciosos','preciosos',30,'iker casillas',1,100,'oso berue','zuriye','zapaltzeko moukue','o',1,105,'polittek','laukiyek','sofa-cama bat juergako',8,4,102.5,'earra etxie txakurrentzat');
insert into peritaje values (9,'2008-06-18','joxeangel','casa','exclusiva',125,'si','si','preciosos','preciosos',30,'iker casillas',1,100,'oso berue','zuriye','zapaltzeko moukue','o',1,105,'polittek','laukiyek','sofa-cama bat juergako',8,4,102.5,'earra etxie txakurrentzat');

-- Significado: (PeritajeId(KEY), RefInmueble(KEY), ¿Llaves?, <valores de tasación>, ¿Cartel?)
INSERT INTO rel_peritaje_inmueble VALUES (1,1,0,250000,10000,16,200000,265000,260000,260000,1);
INSERT INTO rel_peritaje_inmueble VALUES (2,2,0,250000,10000,16,200000,265000,260000,260000,1);
INSERT INTO rel_peritaje_inmueble VALUES (3,3,1,250000,10000,16,200000,265000,260000,260000,1);
INSERT INTO rel_peritaje_inmueble VALUES (4,4,0,250000,10000,16,200000,265000,260000,260000,1);
INSERT INTO rel_peritaje_inmueble VALUES (5,5,0,250000,10000,16,200000,265000,260000,260000,1);
INSERT INTO rel_peritaje_inmueble VALUES (6,6,1,250000,10000,16,200000,265000,260000,260000,1);
INSERT INTO rel_peritaje_inmueble VALUES (7,7,0,250000,10000,16,200000,265000,260000,260000,1);
INSERT INTO rel_peritaje_inmueble VALUES (8,8,0,250000,10000,16,200000,265000,260000,260000,1);
INSERT INTO rel_peritaje_inmueble VALUES (9,9,0,250000,10000,16,200000,265000,260000,260000,1);

-- Significado: (Fecha visita(KEY), Representante, <Observaciones cliente>, RefInmueble(KEY), DNICliente(KEY))
INSERT INTO rel_visita VALUES ('2008-06-03 10:15:00','Yolanda',0,0,1,0,0,0,1,0,0,0,0,0,0,1,0,0,0,0,0,0,0,1,'71623662Y');
INSERT INTO rel_visita VALUES ('2008-06-03 19:30:00','Yolanda',0,0,1,0,0,0,1,0,0,0,0,0,0,1,0,0,0,0,0,0,0,1,'71623662Y');
INSERT INTO rel_visita VALUES ('2008-05-05 10:15:00','Yolanda',0,0,1,0,0,0,1,0,0,0,0,0,0,1,0,0,0,0,0,0,0,2,'71623662Y');
INSERT INTO rel_visita VALUES ('2008-06-18 11:15:00','Yolanda',0,0,1,0,0,0,0,0,0,1,0,0,0,1,0,0,0,0,0,0,0,2,'72665453N');
INSERT INTO rel_visita VALUES ('2008-08-03 09:30:00','Yolanda',0,0,1,0,0,0,1,0,0,0,0,0,0,1,0,0,0,0,0,0,0,3,'72665453N');
INSERT INTO rel_visita VALUES ('2008-06-03 11:00:00','Yolanda',0,0,1,0,0,0,1,0,0,0,0,0,0,1,0,0,0,0,0,0,0,3,'72665453N');
INSERT INTO rel_visita VALUES ('2008-09-12 14:45:00','Yolanda',0,0,1,0,0,0,1,0,0,0,0,0,0,1,0,0,0,0,0,0,0,2,'71623662Y');
INSERT INTO rel_visita VALUES ('2008-06-03 20:00:00','Yolanda',0,0,1,0,0,0,1,0,0,0,0,0,0,1,0,0,0,0,0,0,0,4,'72365667P');
INSERT INTO rel_visita VALUES ('2008-06-03 10:00:00','Yolanda',0,0,1,0,0,0,1,0,0,0,0,0,0,1,0,0,0,0,0,0,0,4,'71623662Y');

INSERT INTO preferencia VALUES ('77645661F','casa',75,250,1,1,5,'nuarbe',1,1,360000,'mierda de ciudad',2);
INSERT INTO preferencia VALUES ('71623662Y','casa',75,125,1,1,4,'urrestilla',1,2,400000,'mierda de ciudad',3);
INSERT INTO preferencia VALUES ('72665453N','casa',75,115,1,2,5,'gros',1,1,540000,'mierda de ciudad',4);
INSERT INTO preferencia VALUES ('73666764H','casa',125,250,1,3,5,'centro',1,2,600000,'mierda de ciudad',5);
INSERT INTO preferencia VALUES ('74785665S','casa',150,250,1,4,6,'centro',1,1,510000,'mierda de ciudad',2);
INSERT INTO preferencia VALUES ('75785666E','casa',75,95,0,1,3,'estacion',1,1,360000,'mierda de ciudad',4);
INSERT INTO preferencia VALUES ('72365667P','casa',75,150,1,1,2,'afueras',1,1,360000,'mierda de ciudad',3);
INSERT INTO preferencia VALUES ('74365668K','casa',75,250,0,1,2,'centro',1,1,450000,'mierda de ciudad',2);
INSERT INTO preferencia VALUES ('76576669D','casa',75,250,1,1,5,'centro',1,1,360000,'mierda de ciudad',1);

insert into rel_cliente_inmueble values ('72665453N',1,'2007-06-25',250000.0,10.0,5.0,265000.0);

-- Significado: (Id(KEY), PeritajeId, TipoHabitáculo, m2, Descripción)
insert into descripcion values (1,1,'habitacion doble',15,'exterior');
insert into descripcion values (2,1,'habitacion individual',10,'exterior');
insert into descripcion values (3,1,'habitacion doble',15,'exterior');
insert into descripcion values (4,1,'baño',10,'exterior');
insert into descripcion values (5,1,'habitacion doble',15,'sin ventana');
insert into descripcion values (6,1,'cocina',15,'patio luz');
insert into descripcion values (7,1,'comedor',20,'exterior,chimenea');
insert into descripcion values (8,1,'aseo',15,'junto al dormitorio');
insert into descripcion values (9,1,'habitacion doble',15,'exterior');
insert into descripcion values (10,2,'cocina',35,'atico con terraza');
insert into descripcion values (11,2,'terraza',15,'soleado');
insert into descripcion values (12,2,'trastero',15,'interior');
insert into descripcion values (13,2,'baño',8,'interior');
insert into descripcion values (14,3,'salon-cocina-dormitorio',25,'exterior');
insert into descripcion values (15,3,'baño',8,'interior');

-- Significado: (RefInmueble(KEY), PropietarioDNI(KEY), NuevoPrecio, Fecha cambio(KEY), Observaciones)
insert into rel_inmueble_propietario values (1,'71665662P',150000.0,'2007-08-16 12:00:00','precio demasiado alto');
insert into rel_inmueble_propietario values (1,'72665663S',160000.0,'2007-09-01 14:00:00','mi cuñado me lo dijo');
insert into rel_inmueble_propietario values (1,'73665664E',150005.0,'2007-10-16 09:15:00','precio demasiado bajo');
insert into rel_inmueble_propietario values (2,'74665665Y',150000.0,'2008-04-18 17:45:00','precio desorbitado');
insert into rel_inmueble_propietario values (4,'76665667C',150000.0,'2007-05-16 18:10:00','precio justo');
insert into rel_inmueble_propietario values (5,'77665661C',150000.0,'2008-04-15 19:45:00','precio bonito barato');
insert into rel_inmueble_propietario values (6,'77665669M',150000.0,'2007-03-22 13:20:00','precio justooo');
insert into rel_inmueble_propietario values (6,'79665668Q',150000.0,'2008-03-17 16:00:00','precio de risa');